brick_rejections,prompt,structure_id
13,Brick-built car with detailed roof and protruding bumper.,fd5f1376-4d9d-40d3-a2c9-933e229a4009
115,Brick vehicle featuring rectangular shape and raised roof elements.,fd5f1376-4d9d-40d3-a2c9-933e229a4009
99,"Car with a blocky structure, defined roof, and distinct front bumper.",fd5f1376-4d9d-40d3-a2c9-933e229a4009
132,"A rectangular car form with a stepped roof, angular windshield area, front bumper extending slightly forward, and defined wheel placements.",fd5f1376-4d9d-40d3-a2c9-933e229a4009
477,"A car featuring a rectangular chassis, with a stepped roof design and varied height levels. The front bumper extends outward, and the windshield area is recessed. It has angular elements on top, indicative of a roof and window details. The structure includes defined placements for four wheels.",fd5f1376-4d9d-40d3-a2c9-933e229a4009
367,Brick-built car with detailed roof and protruding bumper.,7cb2a7d9-3c81-47b1-89cd-26d4f13153b4
67,Brick vehicle featuring rectangular shape and raised roof elements.,7cb2a7d9-3c81-47b1-89cd-26d4f13153b4
4,"Car with a blocky structure, defined roof, and distinct front bumper.",7cb2a7d9-3c81-47b1-89cd-26d4f13153b4
282,"A rectangular car form with a stepped roof, angular windshield area, front bumper extending slightly forward, and defined wheel placements.",7cb2a7d9-3c81-47b1-89cd-26d4f13153b4
71,"A car featuring a rectangular chassis, with a stepped roof design and varied height levels. The front bumper extends outward, and the windshield area is recessed. It has angular elements on top, indicative of a roof and window details. The structure includes defined placements for four wheels.",7cb2a7d9-3c81-47b1-89cd-26d4f13153b4
72,Compact car with defined geometric features and angular contours.,8a9c164f-5e11-41e4-ba70-f0669ab3d033
140,A small car exhibiting a box-like structure and prominent edges.,8a9c164f-5e11-41e4-ba70-f0669ab3d033
34,"A blocky car shape with angular front, flat top, and rectangular sides.",8a9c164f-5e11-41e4-ba70-f0669ab3d033
111,"A car featuring a stepped front bumper beneath an angular hood, square roof, and precise rectangular body.",8a9c164f-5e11-41e4-ba70-f0669ab3d033
72,"A geometric car with an angular hood, stepped front bumper, flat roof, and rectangular sides. The body is compact, with distinct, sharp edges forming a cohesive rectangular shape. The front grill is recessed, enhancing the defined contour of the vehicle.",8a9c164f-5e11-41e4-ba70-f0669ab3d033
120,Compact car with a rectangular body and angular corners.,405fb729-8ff6-4f6b-b1d2-7c4067371d5c
93,"A car with an angular, box-like structure and defined corners.",405fb729-8ff6-4f6b-b1d2-7c4067371d5c
79,"Boxy car featuring a flat top and vertical sides, with a rectangular layout.",405fb729-8ff6-4f6b-b1d2-7c4067371d5c
178,"A car with a flat, rectangular roof, vertical window sections, box-like contours, and an angular front.",405fb729-8ff6-4f6b-b1d2-7c4067371d5c
35,"A car with a flat rectangular roof, vertical window panels on both sides, and defined boxy contours with an angular front and rear design, supported by a blocky understructure.",405fb729-8ff6-4f6b-b1d2-7c4067371d5c
45,Compact car with a rectangular body and angular corners.,0b0a4be5-7cfa-46d2-aca6-9070dcfac171
296,"A car with an angular, box-like structure and defined corners.",0b0a4be5-7cfa-46d2-aca6-9070dcfac171
29,"Boxy car featuring a flat top and vertical sides, with a rectangular layout.",0b0a4be5-7cfa-46d2-aca6-9070dcfac171
152,"A car with a flat, rectangular roof, vertical window sections, box-like contours, and an angular front.",0b0a4be5-7cfa-46d2-aca6-9070dcfac171
60,"A car with a flat rectangular roof, vertical window panels on both sides, and defined boxy contours with an angular front and rear design, supported by a blocky understructure.",0b0a4be5-7cfa-46d2-aca6-9070dcfac171
8,Compact car shape with geometric components.,af09dc1a-bf90-45a5-996c-74f052a0ad13
68,Rectangular car body with angular extensions and tiered surfaces.,af09dc1a-bf90-45a5-996c-74f052a0ad13
137,Angular vehicle with a streamlined roof and pronounced rectangular base.,af09dc1a-bf90-45a5-996c-74f052a0ad13
62,"Boxy automobile featuring a stepped roofline and protruding, squared rear section.",af09dc1a-bf90-45a5-996c-74f052a0ad13
382,"Car with a low, rectangular structure, featuring a stepped roofline and a flat front. The rear is squared and extends outward, with multiple rectangular segments clearly defining the geometric form.",af09dc1a-bf90-45a5-996c-74f052a0ad13
1045,Compact car shape with geometric components.,50a9225a-5599-4128-aee9-e716458f102e
35,Rectangular car body with angular extensions and tiered surfaces.,50a9225a-5599-4128-aee9-e716458f102e
431,Angular vehicle with a streamlined roof and pronounced rectangular base.,50a9225a-5599-4128-aee9-e716458f102e
36,"Boxy automobile featuring a stepped roofline and protruding, squared rear section.",50a9225a-5599-4128-aee9-e716458f102e
188,"Car with a low, rectangular structure, featuring a stepped roofline and a flat front. The rear is squared and extends outward, with multiple rectangular segments clearly defining the geometric form.",50a9225a-5599-4128-aee9-e716458f102e
134,Compact car with a blocky form.,fe042a53-55db-4885-8e36-02683200f1c4
169,Compact automobile featuring a block-based rectangular body.,fe042a53-55db-4885-8e36-02683200f1c4
702,"Automobile with a rectangular body, flat roof, and angular sides.",fe042a53-55db-4885-8e36-02683200f1c4
163,"Car with a rectangular body, a flat top, and an angled front. The vehicle has blocky wheels set underneath.",fe042a53-55db-4885-8e36-02683200f1c4
128,"Rectangular car with a flat upper surface and sloped front. The front features a protruding block arrangement, while four square wheels with block edges support the body.",fe042a53-55db-4885-8e36-02683200f1c4
36,Compact car with smooth contours and angular lines.,0ea3be70-6bd2-448f-9f96-34ce244bd03f
145,"Angular car with a flat top, hinted curves, and geometric sides.",0ea3be70-6bd2-448f-9f96-34ce244bd03f
30,"Car featuring a flat roof, squared rear, and a contoured front with block-like features.",0ea3be70-6bd2-448f-9f96-34ce244bd03f
91,"Boxy car form with tiered roof, distinct rectangular rear, contoured front, and layered side panels.",0ea3be70-6bd2-448f-9f96-34ce244bd03f
330,"A compact car with a flat, rectangular roof blending into angular sides. The front is curved with squared headlight structures. The rear has pronounced rectangular features, while the sides are layered with incremental steps towards the base.",0ea3be70-6bd2-448f-9f96-34ce244bd03f
263,Compact car with smooth contours and angular lines.,cace7e3a-663a-4990-ae56-293cda033d3c
482,"Angular car with a flat top, hinted curves, and geometric sides.",cace7e3a-663a-4990-ae56-293cda033d3c
213,"Car featuring a flat roof, squared rear, and a contoured front with block-like features.",cace7e3a-663a-4990-ae56-293cda033d3c
267,"Boxy car form with tiered roof, distinct rectangular rear, contoured front, and layered side panels.",cace7e3a-663a-4990-ae56-293cda033d3c
382,"A compact car with a flat, rectangular roof blending into angular sides. The front is curved with squared headlight structures. The rear has pronounced rectangular features, while the sides are layered with incremental steps towards the base.",cace7e3a-663a-4990-ae56-293cda033d3c
268,"Compact car with a blocky, angular form.",62617df7-621f-4bf6-84df-7085055dba16
133,Brick-based vehicle with a tiered roof and rectangular windows.,62617df7-621f-4bf6-84df-7085055dba16
181,Boxy automobile featuring a layered rear and geometric front grille.,62617df7-621f-4bf6-84df-7085055dba16
171,"Chunky car characterized by stacked bricks forming a two-tier roof, squared-off windows, and a robust grille design.",62617df7-621f-4bf6-84df-7085055dba16
167,"A cuboid car with a tiered roof, comprising rectangular, interlocked sections. Squared windows align symmetrically along the sides, while a segmented grille dominates the front edge, flanked by blocky wheel protrusions, creating a balanced and angular aesthetic.",62617df7-621f-4bf6-84df-7085055dba16
62,"Compact car with a blocky, angular form.",a5e92d8c-cfd9-4a5f-bc15-13dec745a8e8
307,Brick-based vehicle with a tiered roof and rectangular windows.,a5e92d8c-cfd9-4a5f-bc15-13dec745a8e8
9,Boxy automobile featuring a layered rear and geometric front grille.,a5e92d8c-cfd9-4a5f-bc15-13dec745a8e8
6,"Chunky car characterized by stacked bricks forming a two-tier roof, squared-off windows, and a robust grille design.",a5e92d8c-cfd9-4a5f-bc15-13dec745a8e8
295,"A cuboid car with a tiered roof, comprising rectangular, interlocked sections. Squared windows align symmetrically along the sides, while a segmented grille dominates the front edge, flanked by blocky wheel protrusions, creating a balanced and angular aesthetic.",a5e92d8c-cfd9-4a5f-bc15-13dec745a8e8
25,"A minimalist car with a compact, boxy structure.",dedd8afe-04c6-4e95-b4ed-7df177842bb9
179,Compact car featuring a rectangular main body and squared edges.,dedd8afe-04c6-4e95-b4ed-7df177842bb9
301,"Car with a box-like body, flat roof, and angular contours.",dedd8afe-04c6-4e95-b4ed-7df177842bb9
178,"Boxy car form with a flat top, square wheels, and protruding front section.",dedd8afe-04c6-4e95-b4ed-7df177842bb9
217,"A rectangular car with a flat roof, vertical front block acting as a bumper, and square wheels integrated beneath. The sides and rear are distinctly flat, while the front section is slightly forward-angled.",dedd8afe-04c6-4e95-b4ed-7df177842bb9
255,"A minimalist car with a compact, boxy structure.",37d342d0-3467-43b8-b203-5c2580462327
439,Compact car featuring a rectangular main body and squared edges.,37d342d0-3467-43b8-b203-5c2580462327
286,"Car with a box-like body, flat roof, and angular contours.",37d342d0-3467-43b8-b203-5c2580462327
9,"Boxy car form with a flat top, square wheels, and protruding front section.",37d342d0-3467-43b8-b203-5c2580462327
13,"A rectangular car with a flat roof, vertical front block acting as a bumper, and square wheels integrated beneath. The sides and rear are distinctly flat, while the front section is slightly forward-angled.",37d342d0-3467-43b8-b203-5c2580462327
219,Compact vehicle with rounded edges and blocky structure.,9c02a5ff-e92f-4ec1-b3f8-49990e19a6a1
120,Rectangular car form with rounded corners and layered sections.,9c02a5ff-e92f-4ec1-b3f8-49990e19a6a1
69,The car features a block-like shape with a gently sloping front and squared rear.,9c02a5ff-e92f-4ec1-b3f8-49990e19a6a1
2813,"Boxy car design, rounded corners, elevated rear, layered top detail, and recessed front.",9c02a5ff-e92f-4ec1-b3f8-49990e19a6a1
1072,"A rectangular car with rounded corners. The front features a slight slope, while the rear is elevated with a blocky appearance. The top consists of several layered sections, and the front incorporates a recessed area with squared elements.",9c02a5ff-e92f-4ec1-b3f8-49990e19a6a1
93,Compact vehicle with rounded edges and blocky structure.,22f92cf7-89aa-43c9-a60e-ecc3baa6c42d
0,Rectangular car form with rounded corners and layered sections.,22f92cf7-89aa-43c9-a60e-ecc3baa6c42d
420,The car features a block-like shape with a gently sloping front and squared rear.,22f92cf7-89aa-43c9-a60e-ecc3baa6c42d
50,"Boxy car design, rounded corners, elevated rear, layered top detail, and recessed front.",22f92cf7-89aa-43c9-a60e-ecc3baa6c42d
0,"A rectangular car with rounded corners. The front features a slight slope, while the rear is elevated with a blocky appearance. The top consists of several layered sections, and the front incorporates a recessed area with squared elements.",22f92cf7-89aa-43c9-a60e-ecc3baa6c42d
89,Compact car with blocky geometric features.,5bec0bfc-8136-466e-805f-7e5192f0d719
367,Car form with angular contours and layered surfaces.,5bec0bfc-8136-466e-805f-7e5192f0d719
10,"Block-shaped car with a flat roof, stepped sides, and protruding front.",5bec0bfc-8136-466e-805f-7e5192f0d719
125,"A compact automobile with a rectangular base, segmented rooftop, and tiered front and rear ends.",5bec0bfc-8136-466e-805f-7e5192f0d719
222,"A small car featuring a boxy body with an angular roof. The sides are constructed with staggered blocks that build toward the top. The front and rear end have a series of gradually receding layers, adding depth to the angular geometry.",5bec0bfc-8136-466e-805f-7e5192f0d719
304,Compact car with blocky geometric features.,f4059a6f-0557-4f70-9643-811d78e48065
536,Car form with angular contours and layered surfaces.,f4059a6f-0557-4f70-9643-811d78e48065
264,"Block-shaped car with a flat roof, stepped sides, and protruding front.",f4059a6f-0557-4f70-9643-811d78e48065
13,"A compact automobile with a rectangular base, segmented rooftop, and tiered front and rear ends.",f4059a6f-0557-4f70-9643-811d78e48065
142,"A small car featuring a boxy body with an angular roof. The sides are constructed with staggered blocks that build toward the top. The front and rear end have a series of gradually receding layers, adding depth to the angular geometry.",f4059a6f-0557-4f70-9643-811d78e48065
23,A basic car shape with a compact structure.,3cf62c1e-8026-47b9-bfc4-27664894343c
96,Compact automobile form with an angular roof and defined edges.,3cf62c1e-8026-47b9-bfc4-27664894343c
103,"Car with an angular rear and prominent, tiered front hood contours.",3cf62c1e-8026-47b9-bfc4-27664894343c
41,"Automotive form featuring a tiered hood, angular roof, and pronounced rear section, with discrete block placements suggesting wheels.",3cf62c1e-8026-47b9-bfc4-27664894343c
696,"A car form with an angular roof, tiered hood, and distinct, elevated rear. It displays pronounced geometric sections, with horizontal and vertical block sequences forming the body and subtle, recessed areas representing wheel arches.",3cf62c1e-8026-47b9-bfc4-27664894343c
3,A basic car shape with a compact structure.,977a1644-3d13-42c4-a62c-2649163a30c6
216,Compact automobile form with an angular roof and defined edges.,977a1644-3d13-42c4-a62c-2649163a30c6
160,"Car with an angular rear and prominent, tiered front hood contours.",977a1644-3d13-42c4-a62c-2649163a30c6
110,"Automotive form featuring a tiered hood, angular roof, and pronounced rear section, with discrete block placements suggesting wheels.",977a1644-3d13-42c4-a62c-2649163a30c6
125,"A car form with an angular roof, tiered hood, and distinct, elevated rear. It displays pronounced geometric sections, with horizontal and vertical block sequences forming the body and subtle, recessed areas representing wheel arches.",977a1644-3d13-42c4-a62c-2649163a30c6
90,"Car with rectangular body, smooth curves, and solid build.",ff4086b1-b7f1-4cf5-9c16-1d55d01869ea
21,"Compact car with smooth curves, flat roof, and even sides.",ff4086b1-b7f1-4cf5-9c16-1d55d01869ea
158,"Car featuring a rectangular and slightly tapered body, smooth curves, and balanced stance.",ff4086b1-b7f1-4cf5-9c16-1d55d01869ea
45,"Rectangular car with flat roof, slightly tapered sides, tiered detailing on the roof, and layered sides.",ff4086b1-b7f1-4cf5-9c16-1d55d01869ea
41,"A compact car with a rectangular body, featuring a flat roof and slightly tapered sides. The roof showcases tiered details, while the sides are layered. The car’s shape is smooth and curves uniformly around the edges, connecting the balanced front and rear sections.",ff4086b1-b7f1-4cf5-9c16-1d55d01869ea
49,"Car with rectangular body, smooth curves, and solid build.",ce23086c-1512-4a81-93b6-ce4d7c15afd7
338,"Compact car with smooth curves, flat roof, and even sides.",ce23086c-1512-4a81-93b6-ce4d7c15afd7
52,"Car featuring a rectangular and slightly tapered body, smooth curves, and balanced stance.",ce23086c-1512-4a81-93b6-ce4d7c15afd7
65,"Rectangular car with flat roof, slightly tapered sides, tiered detailing on the roof, and layered sides.",ce23086c-1512-4a81-93b6-ce4d7c15afd7
130,"A compact car with a rectangular body, featuring a flat roof and slightly tapered sides. The roof showcases tiered details, while the sides are layered. The car’s shape is smooth and curves uniformly around the edges, connecting the balanced front and rear sections.",ce23086c-1512-4a81-93b6-ce4d7c15afd7
52,Compact car form with angular features and layered structure.,bea508b3-092a-4be5-999a-802d3f5690f2
214,"The car exhibits a rectangular body with stacked, tiered elements.",bea508b3-092a-4be5-999a-802d3f5690f2
11,Car features a cubic body with staggered layers and a flat roof.,bea508b3-092a-4be5-999a-802d3f5690f2
5,"The auto has a blocky front, stepped roof, and angular rear.",bea508b3-092a-4be5-999a-802d3f5690f2
128,"This car has a rectangular body, segmented roof, and layered sides. The rear end is slightly raised with protruding edges. The front is angular, composed of flat elements, forming a sloped hood. The sides are tiered, comprising descending layers from the roof to the base.",bea508b3-092a-4be5-999a-802d3f5690f2
64,Compact car form with angular features and layered structure.,681b1b36-72b0-4e95-99e0-1f3c70248ccf
278,"The car exhibits a rectangular body with stacked, tiered elements.",681b1b36-72b0-4e95-99e0-1f3c70248ccf
596,Car features a cubic body with staggered layers and a flat roof.,681b1b36-72b0-4e95-99e0-1f3c70248ccf
333,"The auto has a blocky front, stepped roof, and angular rear.",681b1b36-72b0-4e95-99e0-1f3c70248ccf
440,"This car has a rectangular body, segmented roof, and layered sides. The rear end is slightly raised with protruding edges. The front is angular, composed of flat elements, forming a sloped hood. The sides are tiered, comprising descending layers from the roof to the base.",681b1b36-72b0-4e95-99e0-1f3c70248ccf
68,Car with angular design and rectangular features.,e9a88922-ad49-4a0a-b2ef-4d28b2891958
12,Rectangular car shape with a tiered rooftop and sloped front.,e9a88922-ad49-4a0a-b2ef-4d28b2891958
69,"Car exhibiting a blocky form with an elevated rear, detailed with protruding sections.",e9a88922-ad49-4a0a-b2ef-4d28b2891958
142,"An angular car shape featuring multiple rectangular layers, a raised front end, and a stepped roofline.",e9a88922-ad49-4a0a-b2ef-4d28b2891958
111,"The car has a blocky, geometric form featuring a series of horizontal layers. It sports a slightly elevated front section with a sloping design. Boxy wheel arches dominate each corner, enhancing the angular aesthetic. The roof is tiered and slightly recessed, ending with a defined rear section.",e9a88922-ad49-4a0a-b2ef-4d28b2891958
19,Car with angular design and rectangular features.,154f1293-361d-4e9e-91f9-e659b2d195d5
129,Rectangular car shape with a tiered rooftop and sloped front.,154f1293-361d-4e9e-91f9-e659b2d195d5
297,"Car exhibiting a blocky form with an elevated rear, detailed with protruding sections.",154f1293-361d-4e9e-91f9-e659b2d195d5
21,"An angular car shape featuring multiple rectangular layers, a raised front end, and a stepped roofline.",154f1293-361d-4e9e-91f9-e659b2d195d5
72,"The car has a blocky, geometric form featuring a series of horizontal layers. It sports a slightly elevated front section with a sloping design. Boxy wheel arches dominate each corner, enhancing the angular aesthetic. The roof is tiered and slightly recessed, ending with a defined rear section.",154f1293-361d-4e9e-91f9-e659b2d195d5
6,Compact car with rectangular body and geometric features.,9e8b7d0f-11a6-4d4e-b9c7-439a717f7520
127,Rectangular car form with angular lines and protrusions.,9e8b7d0f-11a6-4d4e-b9c7-439a717f7520
175,"Car with elongated rectangular body, layered top, and structured base.",9e8b7d0f-11a6-4d4e-b9c7-439a717f7520
148,"Rectangular car form featuring a tiered top, angular sides, and defined edges.",9e8b7d0f-11a6-4d4e-b9c7-439a717f7520
332,"Car with a rectangular base, layered top section, angular sides, and distinct geometric elements suggesting details like a roof and bumpers.",9e8b7d0f-11a6-4d4e-b9c7-439a717f7520
181,Compact car with rectangular body and geometric features.,e2963b0a-b2a4-4902-9924-d958f79940eb
157,Rectangular car form with angular lines and protrusions.,e2963b0a-b2a4-4902-9924-d958f79940eb
103,"Car with elongated rectangular body, layered top, and structured base.",e2963b0a-b2a4-4902-9924-d958f79940eb
720,"Rectangular car form featuring a tiered top, angular sides, and defined edges.",e2963b0a-b2a4-4902-9924-d958f79940eb
13,"Car with a rectangular base, layered top section, angular sides, and distinct geometric elements suggesting details like a roof and bumpers.",e2963b0a-b2a4-4902-9924-d958f79940eb
395,Compact car with a rectangular body and distinct contours.,98b30096-b482-471d-8a0a-a90b84770a24
31,Rectangular car with elevated rear section and rounded front edges.,98b30096-b482-471d-8a0a-a90b84770a24
49,"Car with a flat top, sloped windshield, and tiered rear section.",98b30096-b482-471d-8a0a-a90b84770a24
77,"A car featuring a flat top, rectangular sides, and subtly rounded front. The windshield slopes gently towards the front, while the rear section steps down in a tiered fashion, adding distinct layers to the rear profile.",98b30096-b482-471d-8a0a-a90b84770a24
31,"A car with a mainly rectangular body topped by a flat roof. The front is gently rounded, leading into a sloped windshield, producing a streamlined front profile. The rear has two distinct levels, giving the back a stepped appearance. Rectangular indentations on all sides provide additional geometric interest.",98b30096-b482-471d-8a0a-a90b84770a24
374,Compact car with a rectangular body and distinct contours.,334e7c6a-4ecb-42fb-9dd2-a17697453864
83,Rectangular car with elevated rear section and rounded front edges.,334e7c6a-4ecb-42fb-9dd2-a17697453864
115,"Car with a flat top, sloped windshield, and tiered rear section.",334e7c6a-4ecb-42fb-9dd2-a17697453864
88,"A car featuring a flat top, rectangular sides, and subtly rounded front. The windshield slopes gently towards the front, while the rear section steps down in a tiered fashion, adding distinct layers to the rear profile.",334e7c6a-4ecb-42fb-9dd2-a17697453864
116,"A car with a mainly rectangular body topped by a flat roof. The front is gently rounded, leading into a sloped windshield, producing a streamlined front profile. The rear has two distinct levels, giving the back a stepped appearance. Rectangular indentations on all sides provide additional geometric interest.",334e7c6a-4ecb-42fb-9dd2-a17697453864
188,Compact vehicle featuring layered rectangular components.,0cb6d2ed-745e-457e-b795-54153b2651d1
650,"A compact automobile with layered, rectangular elements forming its core.",0cb6d2ed-745e-457e-b795-54153b2651d1
176,Automobile characterized by a rectangular body and tiered sections. The front and rear show a stepped configuration with parallel lines.,0cb6d2ed-745e-457e-b795-54153b2651d1
4,"This compact car has a geometric design with rectangular tiers. Both the front and rear sections consist of stacked, parallel components. Sides feature integrated angular shapes.",0cb6d2ed-745e-457e-b795-54153b2651d1
56,"The car displays a geometric form with layered rectangles, creating a structured layout. The front and rear each exhibit a tiered design, composed of parallel, stepped layers. The sides incorporate interconnected angular elements, contributing to an overall coherent shape.",0cb6d2ed-745e-457e-b795-54153b2651d1
882,Compact vehicle featuring layered rectangular components.,93233f08-ae76-4740-990f-34b18a1b4f66
32,"A compact automobile with layered, rectangular elements forming its core.",93233f08-ae76-4740-990f-34b18a1b4f66
288,Automobile characterized by a rectangular body and tiered sections. The front and rear show a stepped configuration with parallel lines.,93233f08-ae76-4740-990f-34b18a1b4f66
17,"This compact car has a geometric design with rectangular tiers. Both the front and rear sections consist of stacked, parallel components. Sides feature integrated angular shapes.",93233f08-ae76-4740-990f-34b18a1b4f66
439,"The car displays a geometric form with layered rectangles, creating a structured layout. The front and rear each exhibit a tiered design, composed of parallel, stepped layers. The sides incorporate interconnected angular elements, contributing to an overall coherent shape.",93233f08-ae76-4740-990f-34b18a1b4f66
247,Compact car with rounded roof and structured sides.,20f12161-0cd4-41bd-875d-714f60e57cd2
233,"The vehicle features a smooth, curved top and squared sides.",20f12161-0cd4-41bd-875d-714f60e57cd2
23,"Car body showcases a rounded roofline, uniform blocks, and angular edges.",20f12161-0cd4-41bd-875d-714f60e57cd2
497,"Automobile with a gently arched roof, rectangular sides, and tiered rear.",20f12161-0cd4-41bd-875d-714f60e57cd2
447,"The car features a gently curved top with a tiered back section, rectangular sides, and a uniform block layout on the roof and side frames.",20f12161-0cd4-41bd-875d-714f60e57cd2
227,Compact vehicle with blocky geometric contours.,65b14898-9992-41ef-ad0a-9fb8b6b156ec
171,Rectangular vehicle with squared edges and segmented structure.,65b14898-9992-41ef-ad0a-9fb8b6b156ec
262,Boxy car shape with tiered layers and rows of small projections.,65b14898-9992-41ef-ad0a-9fb8b6b156ec
1,"Rectangular car form with a blocky roof and small vertical projections on top, overhanging the main body.",65b14898-9992-41ef-ad0a-9fb8b6b156ec
287,"Box-shaped car with a prominent top, defined by small vertical peaks, and the bottom section slightly recessed, creating noticeable edges along the rectangular body.",65b14898-9992-41ef-ad0a-9fb8b6b156ec
301,Compact car with angular build and distinct geometric lines.,1ee0d55a-fb75-46d8-8743-6ebf731c15ec
116,"The car displays a rectangular body with defined, sharp edges.",1ee0d55a-fb75-46d8-8743-6ebf731c15ec
157,An angular car featuring a block-like structure with prominent squared contours.,1ee0d55a-fb75-46d8-8743-6ebf731c15ec
55,"The vehicle is composed of a layered, angular form with a flat top and consistent geometric lines throughout its body.",1ee0d55a-fb75-46d8-8743-6ebf731c15ec
234,"This car consists of a rectangular base with layered, block-like sections creating a boxy appearance. The front and back are squared with consistent proportionality along the sides, and the top surface is flat and segmented, contributing to its distinctive geometric form.",1ee0d55a-fb75-46d8-8743-6ebf731c15ec
86,Compact car with angular build and distinct geometric lines.,d3bc6e20-7da0-4335-9ebe-50d243c5fbbe
1025,"The car displays a rectangular body with defined, sharp edges.",d3bc6e20-7da0-4335-9ebe-50d243c5fbbe
263,An angular car featuring a block-like structure with prominent squared contours.,d3bc6e20-7da0-4335-9ebe-50d243c5fbbe
273,"The vehicle is composed of a layered, angular form with a flat top and consistent geometric lines throughout its body.",d3bc6e20-7da0-4335-9ebe-50d243c5fbbe
1,"This car consists of a rectangular base with layered, block-like sections creating a boxy appearance. The front and back are squared with consistent proportionality along the sides, and the top surface is flat and segmented, contributing to its distinctive geometric form.",d3bc6e20-7da0-4335-9ebe-50d243c5fbbe
25,"Toy car with blocky, angular shape and prominent front.",32fec060-363a-45cf-b604-9d8e02ef43a3
113,Rectangular toy car with squared front and layered blocks.,32fec060-363a-45cf-b604-9d8e02ef43a3
679,Blocky toy car featuring a rectangular body and tiered structure.,32fec060-363a-45cf-b604-9d8e02ef43a3
757,"Robust toy car with a cubic form, layered roof section, and protruding front.",32fec060-363a-45cf-b604-9d8e02ef43a3
32,"A toy car comprised of rectangular sections, block-by-block, with an angular roof, distinct square front, and slightly elevated rear, showcasing its overall cuboid geometry.",32fec060-363a-45cf-b604-9d8e02ef43a3
111,"Toy car with blocky, angular shape and prominent front.",348ec7b7-945c-4206-b901-f449f1fe39a6
159,Rectangular toy car with squared front and layered blocks.,348ec7b7-945c-4206-b901-f449f1fe39a6
53,Blocky toy car featuring a rectangular body and tiered structure.,348ec7b7-945c-4206-b901-f449f1fe39a6
9,"Robust toy car with a cubic form, layered roof section, and protruding front.",348ec7b7-945c-4206-b901-f449f1fe39a6
32,"A toy car comprised of rectangular sections, block-by-block, with an angular roof, distinct square front, and slightly elevated rear, showcasing its overall cuboid geometry.",348ec7b7-945c-4206-b901-f449f1fe39a6
33,"Compact car with a blocky, geometric form.",4fc8d070-79f3-41d4-a182-61a7a1e91c86
6,Blocky vehicle featuring rounded edges and layered surfaces.,4fc8d070-79f3-41d4-a182-61a7a1e91c86
301,"Geometric car with a tiered roof, sloped front, and squared rear.",4fc8d070-79f3-41d4-a182-61a7a1e91c86
324,"Car with a rectangular body, sloped hood, tiered roof, and angular rear corners.",4fc8d070-79f3-41d4-a182-61a7a1e91c86
27,"A compact car with squared edges, a step-like roof, inclined hood, flat side panels, and a blocky rear. The roof is three stepped layers, while the rear and front are slightly recessed with protruding details for the hood and trunk areas.",4fc8d070-79f3-41d4-a182-61a7a1e91c86
12,"Compact car with a blocky, geometric form.",1dbbeaef-bb28-4d8c-bb9b-9194007eb6fc
74,Blocky vehicle featuring rounded edges and layered surfaces.,1dbbeaef-bb28-4d8c-bb9b-9194007eb6fc
84,"Geometric car with a tiered roof, sloped front, and squared rear.",1dbbeaef-bb28-4d8c-bb9b-9194007eb6fc
734,"Car with a rectangular body, sloped hood, tiered roof, and angular rear corners.",1dbbeaef-bb28-4d8c-bb9b-9194007eb6fc
174,"A compact car with squared edges, a step-like roof, inclined hood, flat side panels, and a blocky rear. The roof is three stepped layers, while the rear and front are slightly recessed with protruding details for the hood and trunk areas.",1dbbeaef-bb28-4d8c-bb9b-9194007eb6fc
85,Compact toy vehicle with angular body and simple form.,68229605-9453-49e1-91a4-d8c766a60a38
58,"Toy automobile with blocky body, prominent wheels, and minimalist roof.",68229605-9453-49e1-91a4-d8c766a60a38
72,"Brick-like vehicle featuring angular sides, rectangular roof panel, and rounded front.",68229605-9453-49e1-91a4-d8c766a60a38
286,"Toy car with a layered body, distinct cuboid cabin, cylindrical exhaust, and tiered rear end.",68229605-9453-49e1-91a4-d8c766a60a38
27,"Constructed vehicle with an angular, layered body; the cabin sits centrally. The rear is more elevated with a cylindrical exhaust, and the front has a slightly rounded shape with distinct angles, suggesting a hood. The sides are flat with an even, block-like structure.",68229605-9453-49e1-91a4-d8c766a60a38
176,Compact toy vehicle with angular body and simple form.,98bb61c1-5bca-42cc-9739-53a64c3dd976
115,"Toy automobile with blocky body, prominent wheels, and minimalist roof.",98bb61c1-5bca-42cc-9739-53a64c3dd976
719,"Brick-like vehicle featuring angular sides, rectangular roof panel, and rounded front.",98bb61c1-5bca-42cc-9739-53a64c3dd976
226,"Toy car with a layered body, distinct cuboid cabin, cylindrical exhaust, and tiered rear end.",98bb61c1-5bca-42cc-9739-53a64c3dd976
530,"Constructed vehicle with an angular, layered body; the cabin sits centrally. The rear is more elevated with a cylindrical exhaust, and the front has a slightly rounded shape with distinct angles, suggesting a hood. The sides are flat with an even, block-like structure.",98bb61c1-5bca-42cc-9739-53a64c3dd976
46,Compact car with angular features and layered structure.,8086477b-f21e-4d4b-b475-914ac36fcd48
657,A small car with a blocky front segment and streamlined rear.,8086477b-f21e-4d4b-b475-914ac36fcd48
136,"Compact car design includes a distinct hood, a low roofline, and tapered rear.",8086477b-f21e-4d4b-b475-914ac36fcd48
140,"The car includes a solid base, a sloped front area, segmented roof, and raised rear section.",8086477b-f21e-4d4b-b475-914ac36fcd48
154,"This car features a rectangular base with a raised front section, creating a wedge shape. The low-sitting central roof is flanked by gradual slopes leading to a tapered rear. Each side displays symmetrical protrusions defining its front and back ends, adding to its geometric balance.",8086477b-f21e-4d4b-b475-914ac36fcd48
52,Compact car with angular features and layered structure.,508fa491-0256-4fcc-bf48-b7be71aec612
411,A small car with a blocky front segment and streamlined rear.,508fa491-0256-4fcc-bf48-b7be71aec612
578,"Compact car design includes a distinct hood, a low roofline, and tapered rear.",508fa491-0256-4fcc-bf48-b7be71aec612
61,"The car includes a solid base, a sloped front area, segmented roof, and raised rear section.",508fa491-0256-4fcc-bf48-b7be71aec612
21,"This car features a rectangular base with a raised front section, creating a wedge shape. The low-sitting central roof is flanked by gradual slopes leading to a tapered rear. Each side displays symmetrical protrusions defining its front and back ends, adding to its geometric balance.",508fa491-0256-4fcc-bf48-b7be71aec612
64,"Compact car with layered, rectangular block components.",7f21a60c-505a-404b-8b4f-bb7a223d6fc0
17,"A car shape featuring a stacked, rectangular form with angled top.",7f21a60c-505a-404b-8b4f-bb7a223d6fc0
13,"Car with a flat rectangular roof, layered sides, and short front.",7f21a60c-505a-404b-8b4f-bb7a223d6fc0
295,"Rectangular car body with distinct, tiered layers and smooth corners.",7f21a60c-505a-404b-8b4f-bb7a223d6fc0
315,"Vehicle form with a layered, rectangular body, angled top, and smooth edges.",7f21a60c-505a-404b-8b4f-bb7a223d6fc0
6,Car with a blocky form and protruding elements.,a83a9e59-89db-4dab-b5ee-d3575fdd2e6e
102,Rectangular car with geometric contours and distinct layered elevations.,a83a9e59-89db-4dab-b5ee-d3575fdd2e6e
193,"Car featuring a segmented roof, angular body, and pronounced front and rear.",a83a9e59-89db-4dab-b5ee-d3575fdd2e6e
64,"A blocky car with angular sides, stepped roof, and elevated rear section. The front and back have protruding sections.",a83a9e59-89db-4dab-b5ee-d3575fdd2e6e
28,"Blocky, angular car with a stepped roof and raised rear. The front and back protrude slightly, and the sides feature a uniform, tiered arrangement.",a83a9e59-89db-4dab-b5ee-d3575fdd2e6e
108,Car with a blocky form and protruding elements.,b7e87b8b-ee27-4774-a510-b7a9147b1f9f
1061,Rectangular car with geometric contours and distinct layered elevations.,b7e87b8b-ee27-4774-a510-b7a9147b1f9f
322,"Car featuring a segmented roof, angular body, and pronounced front and rear.",b7e87b8b-ee27-4774-a510-b7a9147b1f9f
757,"A blocky car with angular sides, stepped roof, and elevated rear section. The front and back have protruding sections.",b7e87b8b-ee27-4774-a510-b7a9147b1f9f
350,"Blocky, angular car with a stepped roof and raised rear. The front and back protrude slightly, and the sides feature a uniform, tiered arrangement.",b7e87b8b-ee27-4774-a510-b7a9147b1f9f
20,Compact car with angular and blocky form.,314a93a1-214f-4367-8e7f-c434e84a8846
60,A vehicle with a blocky shape and structured outline.,314a93a1-214f-4367-8e7f-c434e84a8846
16,Boxy car featuring elevated front and rear sections with a flat roof.,314a93a1-214f-4367-8e7f-c434e84a8846
469,"Angular car with a rectangular body, slightly elevated roof, and distinct wheel arches.",314a93a1-214f-4367-8e7f-c434e84a8846
13,"A compact, geometric car with a rectangular profile and raised roof. The front and rear are elevated with recessed sections for wheels, creating a defined angular structure.",314a93a1-214f-4367-8e7f-c434e84a8846
593,Compact car with angular and blocky form.,6ca3aff4-3c40-44e2-845d-2879bae7bcd9
88,A vehicle with a blocky shape and structured outline.,6ca3aff4-3c40-44e2-845d-2879bae7bcd9
161,Boxy car featuring elevated front and rear sections with a flat roof.,6ca3aff4-3c40-44e2-845d-2879bae7bcd9
0,"Angular car with a rectangular body, slightly elevated roof, and distinct wheel arches.",6ca3aff4-3c40-44e2-845d-2879bae7bcd9
262,"A compact, geometric car with a rectangular profile and raised roof. The front and rear are elevated with recessed sections for wheels, creating a defined angular structure.",6ca3aff4-3c40-44e2-845d-2879bae7bcd9
70,Compact car with a squared body.,512668ee-33b9-4ae1-9d8b-10c738fd118f
120,Boxy car featuring layered segments and angular outlines.,512668ee-33b9-4ae1-9d8b-10c738fd118f
230,"Compact vehicle with a squared front, tiered roof, and rounded wheel arches.",512668ee-33b9-4ae1-9d8b-10c738fd118f
190,"Vehicle with a boxy profile, squared nose, stepped windshield, rounded wheel arches, and blocky rear.",512668ee-33b9-4ae1-9d8b-10c738fd118f
182,"A compact car with a squared-off front and two levels at the top, having a stepped windshield and tiered roof. The body features rounded arches for wheels, a blocky rear structure, and angular contours that define its overall geometry.",512668ee-33b9-4ae1-9d8b-10c738fd118f
59,Compact car with a squared body.,63864311-bbde-4ce3-9d2e-d8858d5d9d6c
291,Boxy car featuring layered segments and angular outlines.,63864311-bbde-4ce3-9d2e-d8858d5d9d6c
67,"Compact vehicle with a squared front, tiered roof, and rounded wheel arches.",63864311-bbde-4ce3-9d2e-d8858d5d9d6c
238,"Vehicle with a boxy profile, squared nose, stepped windshield, rounded wheel arches, and blocky rear.",63864311-bbde-4ce3-9d2e-d8858d5d9d6c
93,"A compact car with a squared-off front and two levels at the top, having a stepped windshield and tiered roof. The body features rounded arches for wheels, a blocky rear structure, and angular contours that define its overall geometry.",63864311-bbde-4ce3-9d2e-d8858d5d9d6c
280,A basic car shape with defined contours and stacked layers.,2ad976c6-6287-41e5-8571-62ab42e747b5
63,"Rectangular car form with smooth, sloping front and rear sections.",2ad976c6-6287-41e5-8571-62ab42e747b5
114,"Geometric car body featuring a layered top, smooth edges, and defined front.",2ad976c6-6287-41e5-8571-62ab42e747b5
24,"The car exhibits a blocky profile, square rear end, and curved roofline.",2ad976c6-6287-41e5-8571-62ab42e747b5
399,"An angular car with a sloped front, layered roof, and hefty rectangular rear. The roof gently curves over the central body, while the front tapers slightly. The car’s rear has a squared design, adding balance to the overall shape.",2ad976c6-6287-41e5-8571-62ab42e747b5
48,A basic car shape with defined contours and stacked layers.,e977680b-a537-4074-9550-549198aab896
254,"Rectangular car form with smooth, sloping front and rear sections.",e977680b-a537-4074-9550-549198aab896
381,"Geometric car body featuring a layered top, smooth edges, and defined front.",e977680b-a537-4074-9550-549198aab896
185,"The car exhibits a blocky profile, square rear end, and curved roofline.",e977680b-a537-4074-9550-549198aab896
179,"An angular car with a sloped front, layered roof, and hefty rectangular rear. The roof gently curves over the central body, while the front tapers slightly. The car’s rear has a squared design, adding balance to the overall shape.",e977680b-a537-4074-9550-549198aab896
171,"Compact car with blocky, angular exterior.",d6e30210-f605-401f-a71d-583a08f58caf
23,"The car features a robust, geometric form with layered surfaces.",d6e30210-f605-401f-a71d-583a08f58caf
80,A vehicle showcasing a cuboid body and slightly elevated roof structure.,d6e30210-f605-401f-a71d-583a08f58caf
79,The car includes a blocky exterior defined by a stepped roof and indented front.,d6e30210-f605-401f-a71d-583a08f58caf
28,"A small car with a compact, angular body. It has a layered roof design tapering towards the rear. The front features indented lines, while the sides are smooth with rectangular windows formed by gaps in the structure.",d6e30210-f605-401f-a71d-583a08f58caf
5,"Compact car with blocky, angular exterior.",a252f49d-d71f-40ea-8c90-fce9d383ad67
57,"The car features a robust, geometric form with layered surfaces.",a252f49d-d71f-40ea-8c90-fce9d383ad67
45,A vehicle showcasing a cuboid body and slightly elevated roof structure.,a252f49d-d71f-40ea-8c90-fce9d383ad67
189,The car includes a blocky exterior defined by a stepped roof and indented front.,a252f49d-d71f-40ea-8c90-fce9d383ad67
134,"A small car with a compact, angular body. It has a layered roof design tapering towards the rear. The front features indented lines, while the sides are smooth with rectangular windows formed by gaps in the structure.",a252f49d-d71f-40ea-8c90-fce9d383ad67
606,Compact car with distinctive geometric features.,a4496596-3d62-4d74-a76a-1bc71641b452
362,A boxy car shape with layered rectangular elements.,a4496596-3d62-4d74-a76a-1bc71641b452
0,"The car features a rectangular body, prominent layered front, and angular sides.",a4496596-3d62-4d74-a76a-1bc71641b452
435,"A car with a blocky body, distinct stepped front profile, and angular rear section.",a4496596-3d62-4d74-a76a-1bc71641b452
122,"A car characterized by a rectangular body with angular, tiered front layers and an indented rear section, juxtaposing straight and stepped lines.",a4496596-3d62-4d74-a76a-1bc71641b452
222,Compact car with a boxy shape and layered surfaces.,89d7730c-6a2e-493a-8422-43dbf3ff535f
93,Compact vehicle featuring a rectangular body with a stepped profile.,89d7730c-6a2e-493a-8422-43dbf3ff535f
144,A cuboid car structure with tiered surfaces and defined angles.,89d7730c-6a2e-493a-8422-43dbf3ff535f
9,Rectangular car formation with layered elevation and contoured sections. The front and rear segments display angular projections and recesses.,89d7730c-6a2e-493a-8422-43dbf3ff535f
32,"A compact car form with a rectangular body and step-like elevation. The front end features angular protrusions and defined edges, while the sides are smooth with a gradual rise toward the roof, ending in a distinct rear structure.",89d7730c-6a2e-493a-8422-43dbf3ff535f
92,Compact car with a boxy shape and layered surfaces.,bd165d22-3a44-4e75-b309-618cbe6c1535
367,Compact vehicle featuring a rectangular body with a stepped profile.,bd165d22-3a44-4e75-b309-618cbe6c1535
10,A cuboid car structure with tiered surfaces and defined angles.,bd165d22-3a44-4e75-b309-618cbe6c1535
65,Rectangular car formation with layered elevation and contoured sections. The front and rear segments display angular projections and recesses.,bd165d22-3a44-4e75-b309-618cbe6c1535
1,"A compact car form with a rectangular body and step-like elevation. The front end features angular protrusions and defined edges, while the sides are smooth with a gradual rise toward the roof, ending in a distinct rear structure.",bd165d22-3a44-4e75-b309-618cbe6c1535
39,Compact toy car with blocky geometry and angular features.,94a3cea1-718e-417d-bf6d-7433fde9437f
177,A toy car with a rectangular body and box-like shapes.,94a3cea1-718e-417d-bf6d-7433fde9437f
36,"The car features a flat top, angular sides, and squared edges.",94a3cea1-718e-417d-bf6d-7433fde9437f
437,"The toy car has a rectangular frame with layered, stacked elements forming its body.",94a3cea1-718e-417d-bf6d-7433fde9437f
226,"This car showcases a boxy form with a distinct rectangular cabin, a layered roof, and a compact front end. The angular body includes a subtly raised section along the top center, flanked by squared side sections.",94a3cea1-718e-417d-bf6d-7433fde9437f
105,Compact toy car with blocky geometry and angular features.,42711e28-acdf-4928-9a32-15325646da05
96,A toy car with a rectangular body and box-like shapes.,42711e28-acdf-4928-9a32-15325646da05
898,"The car features a flat top, angular sides, and squared edges.",42711e28-acdf-4928-9a32-15325646da05
101,"The toy car has a rectangular frame with layered, stacked elements forming its body.",42711e28-acdf-4928-9a32-15325646da05
99,"This car showcases a boxy form with a distinct rectangular cabin, a layered roof, and a compact front end. The angular body includes a subtly raised section along the top center, flanked by squared side sections.",42711e28-acdf-4928-9a32-15325646da05
307,Compact car with angular and blocky features.,f297bfe6-9229-4940-b88c-086460d799e1
626,"A small vehicle with a boxy, geometric form and tiered elements.",f297bfe6-9229-4940-b88c-086460d799e1
56,"The car features a rectangular base with a segmented roof and tiered, layered surfaces.",f297bfe6-9229-4940-b88c-086460d799e1
45,"This vehicle showcases a rectangular body, stepped roof, and layered, angular surfaces, with small appendages representing wheels.",f297bfe6-9229-4940-b88c-086460d799e1
4,"A compact car with a rectangular body, blocky profile, tiered roof, and angular elements. It has pronounced steps on the top surfaces and protruding sections at the base, suggesting wheels beneath its rectangular structure.",f297bfe6-9229-4940-b88c-086460d799e1
407,Compact car with angular and blocky features.,c2479ef9-a8d9-4d59-a822-5b76266b2bc3
170,"A small vehicle with a boxy, geometric form and tiered elements.",c2479ef9-a8d9-4d59-a822-5b76266b2bc3
31,"The car features a rectangular base with a segmented roof and tiered, layered surfaces.",c2479ef9-a8d9-4d59-a822-5b76266b2bc3
254,"This vehicle showcases a rectangular body, stepped roof, and layered, angular surfaces, with small appendages representing wheels.",c2479ef9-a8d9-4d59-a822-5b76266b2bc3
88,"A compact car with a rectangular body, blocky profile, tiered roof, and angular elements. It has pronounced steps on the top surfaces and protruding sections at the base, suggesting wheels beneath its rectangular structure.",c2479ef9-a8d9-4d59-a822-5b76266b2bc3
34,A compact car with prominent geometric features.,a7686701-a08b-4866-99f2-b68eecaba659
97,The car has a blocky body with raised front and back sections.,a7686701-a08b-4866-99f2-b68eecaba659
43,"Compact car with a rectangular body, elevated rear, and chiseled front end.",a7686701-a08b-4866-99f2-b68eecaba659
225,"A rectangular car structure with distinct angular contours, featuring an elevated rear and detailed front sections.",a7686701-a08b-4866-99f2-b68eecaba659
314,"The car shows a rectangular form with a raised rear and blocky front. The body has layered angular contours along the sides, and the top surface is flat with small projections at the front and rear, giving it a defined geometric profile.",a7686701-a08b-4866-99f2-b68eecaba659
55,"Compact car with a layered, angular facade.",2c766469-09de-433a-8cde-0c106e693e59
988,Angular car featuring tiered roof and geometric sides.,2c766469-09de-433a-8cde-0c106e693e59
161,"Car with a boxy front, tiered rooftop, and angular sides.",2c766469-09de-433a-8cde-0c106e693e59
623,"Geometric car showcasing a stepped roof and angular, layered body.",2c766469-09de-433a-8cde-0c106e693e59
35,"A compact car with an angular design featuring a stepped roof and boxy front. The sides are composed of layered, rectangular segments, creating an angular profile. The rear displays a slightly elevated section, adding to the stepped aesthetic.",2c766469-09de-433a-8cde-0c106e693e59
244,"Compact car with a layered, angular facade.",79d2aaa6-8c00-46fa-b258-7471b0a41be7
0,Angular car featuring tiered roof and geometric sides.,79d2aaa6-8c00-46fa-b258-7471b0a41be7
470,"Car with a boxy front, tiered rooftop, and angular sides.",79d2aaa6-8c00-46fa-b258-7471b0a41be7
58,"Geometric car showcasing a stepped roof and angular, layered body.",79d2aaa6-8c00-46fa-b258-7471b0a41be7
203,"A compact car with an angular design featuring a stepped roof and boxy front. The sides are composed of layered, rectangular segments, creating an angular profile. The rear displays a slightly elevated section, adding to the stepped aesthetic.",79d2aaa6-8c00-46fa-b258-7471b0a41be7
22,"A compact, block-based car with layered elements.",87e3c1ad-9567-42ab-a83d-96b31c285314
24,A rectangular car with a layered roof and protruding front grille.,87e3c1ad-9567-42ab-a83d-96b31c285314
153,"A boxy car featuring a tiered roof, protruding front grille, and stacked rear.",87e3c1ad-9567-42ab-a83d-96b31c285314
8,"A car with a flat, rectangular top, prominent stacked front grille, layered sides, and rectangular rear.",87e3c1ad-9567-42ab-a83d-96b31c285314
263,"A compact car with a rectangular base, flat top surface, vertically layered sides, protruding front grille composed of small segments, and a tiered rear section utilizing a block-stack design.",87e3c1ad-9567-42ab-a83d-96b31c285314
27,"A compact, block-based car with layered elements.",e26b7fc1-cb23-4aeb-a039-011e136f91eb
31,A rectangular car with a layered roof and protruding front grille.,e26b7fc1-cb23-4aeb-a039-011e136f91eb
60,"A boxy car featuring a tiered roof, protruding front grille, and stacked rear.",e26b7fc1-cb23-4aeb-a039-011e136f91eb
381,"A car with a flat, rectangular top, prominent stacked front grille, layered sides, and rectangular rear.",e26b7fc1-cb23-4aeb-a039-011e136f91eb
69,"A compact car with a rectangular base, flat top surface, vertically layered sides, protruding front grille composed of small segments, and a tiered rear section utilizing a block-stack design.",e26b7fc1-cb23-4aeb-a039-011e136f91eb
253,"Compact car with a smooth, rounded roof and integrated bumpers.",9eb64462-bf7a-42bc-9a06-51bd3ee6e79e
203,"A car with a streamlined body, prominent front grille, and rounded edges.",9eb64462-bf7a-42bc-9a06-51bd3ee6e79e
84,"A car featuring a low, flat rectangular base, subtly curved roof, and defined front and rear sections.",9eb64462-bf7a-42bc-9a06-51bd3ee6e79e
32,"This car shows a flat, elongated body with a slightly arched top, rectangular front grille, and wide wheel placements.",9eb64462-bf7a-42bc-9a06-51bd3ee6e79e
351,"The car has a flat, rectangular base with a slightly curved top. The front is squared with layered, stepped formation. The roof curves gently into the rear, which is broad and slightly tapered. Rectangular rear panels extend slightly outward, complementing the overall compact form.",9eb64462-bf7a-42bc-9a06-51bd3ee6e79e
119,Compact car with a blocky geometric form.,115fa015-7072-46d6-9a61-e41f23674f7a
1358,The car has a rectangular body with stepped elevation.,115fa015-7072-46d6-9a61-e41f23674f7a
105,A rectangular car with tiered layers and a flat top surface.,115fa015-7072-46d6-9a61-e41f23674f7a
422,"The car features a rectangular body, elevated rear section, and layered roof.",115fa015-7072-46d6-9a61-e41f23674f7a
125,"A compact car with a rectangular form. The front has a stepped arrangement, and the roof is layered. The rear section is slightly elevated with a flat back surface. Small round elements indicate the wheel areas.",115fa015-7072-46d6-9a61-e41f23674f7a
13,Compact car with a blocky geometric form.,95d98133-7d22-4fa5-a896-70c192b60b37
191,The car has a rectangular body with stepped elevation.,95d98133-7d22-4fa5-a896-70c192b60b37
46,A rectangular car with tiered layers and a flat top surface.,95d98133-7d22-4fa5-a896-70c192b60b37
145,"The car features a rectangular body, elevated rear section, and layered roof.",95d98133-7d22-4fa5-a896-70c192b60b37
0,"A compact car with a rectangular form. The front has a stepped arrangement, and the roof is layered. The rear section is slightly elevated with a flat back surface. Small round elements indicate the wheel areas.",95d98133-7d22-4fa5-a896-70c192b60b37
874,Compact vehicle with a rounded top and blocky features.,9f1a70da-e1d3-4825-af1d-5b636fa7b3b4
1161,Boxy car with rounded roof and pronounced front and rear segments.,9f1a70da-e1d3-4825-af1d-5b636fa7b3b4
21,"Automobile with cylindrical top section, rectangular body, and distinctive front.",9f1a70da-e1d3-4825-af1d-5b636fa7b3b4
194,"Car structure featuring a rounded roof, two-block high sides, protruding front section, and defined rear.",9f1a70da-e1d3-4825-af1d-5b636fa7b3b4
128,"A compact vehicle with a smoothly rounded top and angular body. The roof is gently arched, with taller rear columns. The front protrudes slightly, composed of stepped layers, while the rear maintains a flat, defined edge.",9f1a70da-e1d3-4825-af1d-5b636fa7b3b4
337,Compact vehicle with a rounded top and blocky features.,8fc82da2-247f-441a-bbf7-3f330cd494b7
0,Boxy car with rounded roof and pronounced front and rear segments.,8fc82da2-247f-441a-bbf7-3f330cd494b7
181,"Automobile with cylindrical top section, rectangular body, and distinctive front.",8fc82da2-247f-441a-bbf7-3f330cd494b7
283,"Car structure featuring a rounded roof, two-block high sides, protruding front section, and defined rear.",8fc82da2-247f-441a-bbf7-3f330cd494b7
2,"A compact vehicle with a smoothly rounded top and angular body. The roof is gently arched, with taller rear columns. The front protrudes slightly, composed of stepped layers, while the rear maintains a flat, defined edge.",8fc82da2-247f-441a-bbf7-3f330cd494b7
522,Rectangular car shape with simple geometric elements.,b667e1c2-9182-4d42-863d-4311d33f5f2d
67,Compact car form with a consistent blocky facade.,b667e1c2-9182-4d42-863d-4311d33f5f2d
420,Car structure includes a boxy body and defined edges.,b667e1c2-9182-4d42-863d-4311d33f5f2d
39,"The car features a uniform, box-like body with protruding front details and recessed rear sections.",b667e1c2-9182-4d42-863d-4311d33f5f2d
30,"This car exhibits a rectangular body, with protruding front bumper components and a recessed back end. The top holds a centered, small vertical structure, flanked by flat roof panels. The sides are flat with smooth transitions to the top.",b667e1c2-9182-4d42-863d-4311d33f5f2d
8,Rectangular car shape with simple geometric elements.,7c717031-1e22-4c03-beca-3425b6a26e82
714,Compact car form with a consistent blocky facade.,7c717031-1e22-4c03-beca-3425b6a26e82
481,Car structure includes a boxy body and defined edges.,7c717031-1e22-4c03-beca-3425b6a26e82
34,"The car features a uniform, box-like body with protruding front details and recessed rear sections.",7c717031-1e22-4c03-beca-3425b6a26e82
1141,"This car exhibits a rectangular body, with protruding front bumper components and a recessed back end. The top holds a centered, small vertical structure, flanked by flat roof panels. The sides are flat with smooth transitions to the top.",7c717031-1e22-4c03-beca-3425b6a26e82
28,Compact car with blocky edges and layered top features.,d8664700-ecf1-4725-a21a-281df3285521
392,Box-shaped car with stepped roof and protruding front sections.,d8664700-ecf1-4725-a21a-281df3285521
46,Rectangular car structure with staggered roof elements and angular body.,d8664700-ecf1-4725-a21a-281df3285521
73,"Car featuring flat-topped cabin, stacked front contours, and squared-overhanging rear.",d8664700-ecf1-4725-a21a-281df3285521
105,"Square car with multi-layered roof. The layered roof integrates with the rectangular body, featuring a front with protruding blocks and a rear section that squares off sharply. The car stands on four nearly integrated, angular base supports, providing a sturdy and cohesive appearance.",d8664700-ecf1-4725-a21a-281df3285521
99,Compact car with blocky edges and layered top features.,05e3d2bc-6d07-4e77-83c8-548a1353fd31
44,Box-shaped car with stepped roof and protruding front sections.,05e3d2bc-6d07-4e77-83c8-548a1353fd31
130,Rectangular car structure with staggered roof elements and angular body.,05e3d2bc-6d07-4e77-83c8-548a1353fd31
25,"Car featuring flat-topped cabin, stacked front contours, and squared-overhanging rear.",05e3d2bc-6d07-4e77-83c8-548a1353fd31
124,"Square car with multi-layered roof. The layered roof integrates with the rectangular body, featuring a front with protruding blocks and a rear section that squares off sharply. The car stands on four nearly integrated, angular base supports, providing a sturdy and cohesive appearance.",05e3d2bc-6d07-4e77-83c8-548a1353fd31
72,"Car featuring a boxy, compact shape with defined edges.",b030a057-0144-4c20-8bef-9423f9eaf7d5
211,"Automobile with a rectangular body, sloped front end, and flat top.",b030a057-0144-4c20-8bef-9423f9eaf7d5
718,"Four-wheeled vehicle, rectangular form, front and rear sections with subtle layering.",b030a057-0144-4c20-8bef-9423f9eaf7d5
94,"Compact car with distinguished rectangular framework, angular roofline, and tiered rear structure.",b030a057-0144-4c20-8bef-9423f9eaf7d5
157,"Rectangular car with a layered front, squared-off rear, rounded top edges, and evenly spaced block contours along the sides.",b030a057-0144-4c20-8bef-9423f9eaf7d5
1,"Car featuring a boxy, compact shape with defined edges.",37d199c2-533d-48f6-aed3-25f9ac30b465
128,"Automobile with a rectangular body, sloped front end, and flat top.",37d199c2-533d-48f6-aed3-25f9ac30b465
1524,"Four-wheeled vehicle, rectangular form, front and rear sections with subtle layering.",37d199c2-533d-48f6-aed3-25f9ac30b465
140,"Compact car with distinguished rectangular framework, angular roofline, and tiered rear structure.",37d199c2-533d-48f6-aed3-25f9ac30b465
157,"Rectangular car with a layered front, squared-off rear, rounded top edges, and evenly spaced block contours along the sides.",37d199c2-533d-48f6-aed3-25f9ac30b465
91,"Car with a blocky, compact shape and simple geometric features.",24378116-9cd8-45c8-b125-1a053ef76355
119,A compact car featuring a boxy form with a consistent height.,24378116-9cd8-45c8-b125-1a053ef76355
308,"Rectangular car body with defined edges and a consistent, smooth top.",24378116-9cd8-45c8-b125-1a053ef76355
220,"Box-shaped car with a flat roof, prominent front, and uniform sides.",24378116-9cd8-45c8-b125-1a053ef76355
194,"Boxy car design with a flat roof, stepped front, and angular sides, maintaining a coherent rectangular form throughout.",24378116-9cd8-45c8-b125-1a053ef76355
244,"Car with a blocky, compact shape and simple geometric features.",3783657e-2413-4ab1-b327-52df7ba14b2c
435,A compact car featuring a boxy form with a consistent height.,3783657e-2413-4ab1-b327-52df7ba14b2c
565,"Rectangular car body with defined edges and a consistent, smooth top.",3783657e-2413-4ab1-b327-52df7ba14b2c
27,"Box-shaped car with a flat roof, prominent front, and uniform sides.",3783657e-2413-4ab1-b327-52df7ba14b2c
63,"Boxy car design with a flat roof, stepped front, and angular sides, maintaining a coherent rectangular form throughout.",3783657e-2413-4ab1-b327-52df7ba14b2c
356,Car with a rectangular elongated body and stepped front.,2f9e7776-e4a3-42d2-a261-b281b7991838
401,Elongated car featuring a rectangular shape with a stepped front section.,2f9e7776-e4a3-42d2-a261-b281b7991838
383,"Rectangular car with elongated build, stepped front, and layered top bricks.",2f9e7776-e4a3-42d2-a261-b281b7991838
9,"Car with a long rectangular form, raised front area, and two rows of bricks on top forming tiers.",2f9e7776-e4a3-42d2-a261-b281b7991838
49,"A car with an elongated rectangular shape, comprising a flat base that's about five times as long as it is wide. The front has a stepped design, featuring raised sections. The top includes two rows of layered bricks, adding a tiered appearance.",2f9e7776-e4a3-42d2-a261-b281b7991838
117,Car with a rectangular elongated body and stepped front.,5c026d2a-e71c-4586-b053-71f9dc6e50f7
29,Elongated car featuring a rectangular shape with a stepped front section.,5c026d2a-e71c-4586-b053-71f9dc6e50f7
442,"Rectangular car with elongated build, stepped front, and layered top bricks.",5c026d2a-e71c-4586-b053-71f9dc6e50f7
68,"Car with a long rectangular form, raised front area, and two rows of bricks on top forming tiers.",5c026d2a-e71c-4586-b053-71f9dc6e50f7
4,"A car with an elongated rectangular shape, comprising a flat base that's about five times as long as it is wide. The front has a stepped design, featuring raised sections. The top includes two rows of layered bricks, adding a tiered appearance.",5c026d2a-e71c-4586-b053-71f9dc6e50f7
658,A small car with blocky and angular features.,bad91e31-691e-4b17-9375-f3c420315845
442,Compact vehicle with a squared-off body and raised central section.,bad91e31-691e-4b17-9375-f3c420315845
187,"Boxy car with flat, stepped roof and rectangular rear enclosure.",bad91e31-691e-4b17-9375-f3c420315845
120,"Rectangular car featuring a prominent central column and staggered roof height. The front is slightly tapered upwards, contrasting with the flat, extended rear section.",bad91e31-691e-4b17-9375-f3c420315845
142,"A compact car with a blocky, angular structure. It showcases a stepped roof design, a central column behind the roof, and a raised front section. The rear is extended, capped with a flat enclosure, creating a squared-off aesthetic.",bad91e31-691e-4b17-9375-f3c420315845
31,A small car with blocky and angular features.,d4f79db0-2fca-47aa-9e34-ad04c1eb3efc
123,Compact vehicle with a squared-off body and raised central section.,d4f79db0-2fca-47aa-9e34-ad04c1eb3efc
75,"Boxy car with flat, stepped roof and rectangular rear enclosure.",d4f79db0-2fca-47aa-9e34-ad04c1eb3efc
368,"Rectangular car featuring a prominent central column and staggered roof height. The front is slightly tapered upwards, contrasting with the flat, extended rear section.",d4f79db0-2fca-47aa-9e34-ad04c1eb3efc
134,"A compact car with a blocky, angular structure. It showcases a stepped roof design, a central column behind the roof, and a raised front section. The rear is extended, capped with a flat enclosure, creating a squared-off aesthetic.",d4f79db0-2fca-47aa-9e34-ad04c1eb3efc
110,Car with a boxy shape and layered contours.,45102007-eb42-454e-b302-29e489bf46b6
82,Compact car featuring a rectangular form and stepped roof.,45102007-eb42-454e-b302-29e489bf46b6
67,"Boxy car with pronounced rectangular features, layered top, and unified silhouette.",45102007-eb42-454e-b302-29e489bf46b6
477,"A compact car shape with rectangular layers, a stepped roof, and defined vertical edges.",45102007-eb42-454e-b302-29e489bf46b6
83,"Rectangular car body with layered contours. The roof steps upward from front to back, the front is a detailed stepped area, and the rear exhibits a simple rectangular facade.",45102007-eb42-454e-b302-29e489bf46b6
83,Car with a boxy shape and layered contours.,29b9c79d-7fb9-4cb3-8405-7dc10d80aa5d
214,Compact car featuring a rectangular form and stepped roof.,29b9c79d-7fb9-4cb3-8405-7dc10d80aa5d
524,"Boxy car with pronounced rectangular features, layered top, and unified silhouette.",29b9c79d-7fb9-4cb3-8405-7dc10d80aa5d
180,"A compact car shape with rectangular layers, a stepped roof, and defined vertical edges.",29b9c79d-7fb9-4cb3-8405-7dc10d80aa5d
1,"Rectangular car body with layered contours. The roof steps upward from front to back, the front is a detailed stepped area, and the rear exhibits a simple rectangular facade.",29b9c79d-7fb9-4cb3-8405-7dc10d80aa5d
349,Four-wheeled car with blocky features.,0aee0d32-b4a5-4c56-ab24-30d745d61430
425,"Compact car with a blocky, rectangular body and visible wheels.",0aee0d32-b4a5-4c56-ab24-30d745d61430
5,"Rectangular car with layered top, angled back, and exposed wheels.",0aee0d32-b4a5-4c56-ab24-30d745d61430
311,"Car featuring a rectangular, stepped body with angular edges and square wheels at each corner.",0aee0d32-b4a5-4c56-ab24-30d745d61430
36,"A rectangular car with a stepped body and layered top. The back is angled slightly downward. Exposed square wheels are at each corner, while the front and sides are constructed with distinct block segments.",0aee0d32-b4a5-4c56-ab24-30d745d61430
43,Four-wheeled car with blocky features.,9a38102b-f0b8-478f-a57e-51dd89ca79d3
445,"Compact car with a blocky, rectangular body and visible wheels.",9a38102b-f0b8-478f-a57e-51dd89ca79d3
189,"Rectangular car with layered top, angled back, and exposed wheels.",9a38102b-f0b8-478f-a57e-51dd89ca79d3
76,"Car featuring a rectangular, stepped body with angular edges and square wheels at each corner.",9a38102b-f0b8-478f-a57e-51dd89ca79d3
525,"A rectangular car with a stepped body and layered top. The back is angled slightly downward. Exposed square wheels are at each corner, while the front and sides are constructed with distinct block segments.",9a38102b-f0b8-478f-a57e-51dd89ca79d3
209,Compact car with distinct geometric outlines and segmented body.,629ebcf2-18d5-45e5-9f2d-6cc2484a0a9e
57,"Boxy vehicle with pronounced edges, tiered rear, and flat top.",629ebcf2-18d5-45e5-9f2d-6cc2484a0a9e
465,Angular car featuring rectangular components and a pronounced elevated rear section.,629ebcf2-18d5-45e5-9f2d-6cc2484a0a9e
258,"A geometric car shape composed of stacked, rectangular sections forming elevated rear and flat front.",629ebcf2-18d5-45e5-9f2d-6cc2484a0a9e
140,"A vehicle structure with a flat rectangular top, tiered rear elevation, and a distinct box-like appearance, comprised of uniformly aligned rectangular segments.",629ebcf2-18d5-45e5-9f2d-6cc2484a0a9e
137,Car with an elongated body and angular edges.,76221de6-c2e8-4ef1-8005-65e746dfd23b
345,Vehicle featuring a blocky design with protruding front and rear sections.,76221de6-c2e8-4ef1-8005-65e746dfd23b
13,Automobile showcasing a compact form with a tiered roof and layered side details.,76221de6-c2e8-4ef1-8005-65e746dfd23b
19,"Boxy car structure with a stepped roof, flat hood, and prominent front bumper. The roofline extends backward, above a rear section with defined edges.",76221de6-c2e8-4ef1-8005-65e746dfd23b
2,"Rectangular car with a flat top surface and tiered elements. The front and rear bumpers are distinct, with layered sides and a prominent roof. Stacked elements suggest an angular shape across the length of the vehicle, creating a cohesive geometric appearance.",76221de6-c2e8-4ef1-8005-65e746dfd23b
466,Car with an elongated body and angular edges.,083479b1-ed8b-4310-bce0-00aed33ebc79
212,Vehicle featuring a blocky design with protruding front and rear sections.,083479b1-ed8b-4310-bce0-00aed33ebc79
138,Automobile showcasing a compact form with a tiered roof and layered side details.,083479b1-ed8b-4310-bce0-00aed33ebc79
1,"Boxy car structure with a stepped roof, flat hood, and prominent front bumper. The roofline extends backward, above a rear section with defined edges.",083479b1-ed8b-4310-bce0-00aed33ebc79
337,"Rectangular car with a flat top surface and tiered elements. The front and rear bumpers are distinct, with layered sides and a prominent roof. Stacked elements suggest an angular shape across the length of the vehicle, creating a cohesive geometric appearance.",083479b1-ed8b-4310-bce0-00aed33ebc79
219,"Compact car with layered, angular contours.",bebc2a7f-4ebd-48cf-8417-2ec4f67060c7
113,"Rectangular car with a smooth, tiered top and sharp edges.",bebc2a7f-4ebd-48cf-8417-2ec4f67060c7
91,"Vehicular form with a rectangular base, tiered roofline, and structured front.",bebc2a7f-4ebd-48cf-8417-2ec4f67060c7
313,Compact vehicle with a tiered roof and flat sides. The angular front integrates with rectangular sides and a slightly elevated rear section.,bebc2a7f-4ebd-48cf-8417-2ec4f67060c7
3,"A rectangular car featuring a structured, tiered roofline and sharply defined front. The sides are flat, while the rear rises subtly, balancing the overall angular geometry.",bebc2a7f-4ebd-48cf-8417-2ec4f67060c7
90,"Compact car with layered, angular contours.",2f8ae1ed-9e23-4b35-8c8d-27f3380cdc17
73,"Rectangular car with a smooth, tiered top and sharp edges.",2f8ae1ed-9e23-4b35-8c8d-27f3380cdc17
1,"Vehicular form with a rectangular base, tiered roofline, and structured front.",2f8ae1ed-9e23-4b35-8c8d-27f3380cdc17
165,Compact vehicle with a tiered roof and flat sides. The angular front integrates with rectangular sides and a slightly elevated rear section.,2f8ae1ed-9e23-4b35-8c8d-27f3380cdc17
35,"A rectangular car featuring a structured, tiered roofline and sharply defined front. The sides are flat, while the rear rises subtly, balancing the overall angular geometry.",2f8ae1ed-9e23-4b35-8c8d-27f3380cdc17
150,Car with a rectangular body and tiered layers.,8296de56-cfd0-4344-acb5-aed92c1757f2
95,A compact vehicle shape with a rectangular body and layered contours.,8296de56-cfd0-4344-acb5-aed92c1757f2
356,"A small car featuring a rectangular body, sloped front, and stepped roofline.",8296de56-cfd0-4344-acb5-aed92c1757f2
44,"Boxy car design with a rectangular base, sloped hood, tiered roof, and squared rear.",8296de56-cfd0-4344-acb5-aed92c1757f2
215,"A compact car with a rectangular chassis, sloped front section, tiered roof, and squared off rear. The central section features stepped layers, while the hood inclines gently towards the front, with the rear maintaining a squared and flat appearance.",8296de56-cfd0-4344-acb5-aed92c1757f2
54,Car with a rectangular body and tiered layers.,db0ac4bb-81a2-4be1-a2aa-61d109f8e0c4
252,A compact vehicle shape with a rectangular body and layered contours.,db0ac4bb-81a2-4be1-a2aa-61d109f8e0c4
23,"A small car featuring a rectangular body, sloped front, and stepped roofline.",db0ac4bb-81a2-4be1-a2aa-61d109f8e0c4
212,"Boxy car design with a rectangular base, sloped hood, tiered roof, and squared rear.",db0ac4bb-81a2-4be1-a2aa-61d109f8e0c4
287,"A compact car with a rectangular chassis, sloped front section, tiered roof, and squared off rear. The central section features stepped layers, while the hood inclines gently towards the front, with the rear maintaining a squared and flat appearance.",db0ac4bb-81a2-4be1-a2aa-61d109f8e0c4
321,Compact vehicle with a rounded top and flat sides.,60f97c0b-3791-4738-a546-d3e9add37786
389,"Car with a smooth, slightly arched roof and straight side panels.",60f97c0b-3791-4738-a546-d3e9add37786
1,"Vehicle featuring a rounded roof, flat rectangular sides, and square front.",60f97c0b-3791-4738-a546-d3e9add37786
456,"Boxy car with a curved roof and elongated, horizontal body. The rear is squared off, and the front has angular formations.",60f97c0b-3791-4738-a546-d3e9add37786
80,"A compact car with an arched roof covers a rectangular body. The sides are flat, and the front is stepped with block-like formations. The rear is square and flat, contrasting the slightly raised front section.",60f97c0b-3791-4738-a546-d3e9add37786
275,Compact vehicle with a rounded top and flat sides.,d54581f9-5a38-47ef-8c9c-6cae02f9595c
5,"Car with a smooth, slightly arched roof and straight side panels.",d54581f9-5a38-47ef-8c9c-6cae02f9595c
1614,"Vehicle featuring a rounded roof, flat rectangular sides, and square front.",d54581f9-5a38-47ef-8c9c-6cae02f9595c
140,"Boxy car with a curved roof and elongated, horizontal body. The rear is squared off, and the front has angular formations.",d54581f9-5a38-47ef-8c9c-6cae02f9595c
80,"A compact car with an arched roof covers a rectangular body. The sides are flat, and the front is stepped with block-like formations. The rear is square and flat, contrasting the slightly raised front section.",d54581f9-5a38-47ef-8c9c-6cae02f9595c
920,Compact vehicle with angular contours and multi-layer surfaces.,aa4faecd-46c7-44db-982b-9550eebb63dd
80,Compact automobile displaying a box-like form with stepped layers.,aa4faecd-46c7-44db-982b-9550eebb63dd
262,"A compact vehicle with angular contours, multi-layered roof, and segmented sides.",aa4faecd-46c7-44db-982b-9550eebb63dd
4,Angular automobile featuring tiered sections with a layered top and distinct rectangular shapes.,aa4faecd-46c7-44db-982b-9550eebb63dd
51,"The vehicle showcases a compact form with angular contours. It has a boxy shape, with tiered sections creating a stacked appearance. The roof is multi-layered, and the sides are composed of distinct rectangular shapes, contributing to the overall angular design.",aa4faecd-46c7-44db-982b-9550eebb63dd
114,"A compact car with blocky, angular features.",983c663f-54dc-4f4a-b1b7-5e586cbc8c05
52,Compact car structure with squared edges and elevated front.,983c663f-54dc-4f4a-b1b7-5e586cbc8c05
47,"Car shape with cube-like contours, detailed side panels, and flat roof.",983c663f-54dc-4f4a-b1b7-5e586cbc8c05
88,"Rectangular car body with raised hood, tiered roof, and squared rear.",983c663f-54dc-4f4a-b1b7-5e586cbc8c05
11,Box-shaped car featuring angular contours; blocky sides with tiered roof; front raised above the flat midsection; rear block sculpted slightly higher than sides.,983c663f-54dc-4f4a-b1b7-5e586cbc8c05
151,"A compact car with blocky, angular features.",03342289-964c-4700-b92b-871778d689b9
370,Compact car structure with squared edges and elevated front.,03342289-964c-4700-b92b-871778d689b9
263,"Car shape with cube-like contours, detailed side panels, and flat roof.",03342289-964c-4700-b92b-871778d689b9
0,"Rectangular car body with raised hood, tiered roof, and squared rear.",03342289-964c-4700-b92b-871778d689b9
89,Box-shaped car featuring angular contours; blocky sides with tiered roof; front raised above the flat midsection; rear block sculpted slightly higher than sides.,03342289-964c-4700-b92b-871778d689b9
293,Car with layered rectangular shapes and protruding front.,f69c7f2e-309a-4518-82a4-6a7592154e77
839,"Compact vehicle with a layered body, flat roof, and stepped hood.",f69c7f2e-309a-4518-82a4-6a7592154e77
157,"Angular car composed of stacked rectangular sections, a front with tiered steps, and a flat top.",f69c7f2e-309a-4518-82a4-6a7592154e77
570,"Car with a rectangular base, elevated roof, stepped hood, and distinct front assembly. The top is smooth while the front features geometric protrusions.",f69c7f2e-309a-4518-82a4-6a7592154e77
200,"A compact car with a solid rectangular base, flat roof, tiered hood, and angular front. The car’s body exhibits a layered structure with a smooth top surface, and the front part consists of protruding geometric forms, creating a distinctive appearance.",f69c7f2e-309a-4518-82a4-6a7592154e77
195,Car with layered rectangular shapes and protruding front.,11493a99-59cd-4dd2-b4e7-aa411053035b
44,"Compact vehicle with a layered body, flat roof, and stepped hood.",11493a99-59cd-4dd2-b4e7-aa411053035b
10,"Angular car composed of stacked rectangular sections, a front with tiered steps, and a flat top.",11493a99-59cd-4dd2-b4e7-aa411053035b
109,"Car with a rectangular base, elevated roof, stepped hood, and distinct front assembly. The top is smooth while the front features geometric protrusions.",11493a99-59cd-4dd2-b4e7-aa411053035b
318,"A compact car with a solid rectangular base, flat roof, tiered hood, and angular front. The car’s body exhibits a layered structure with a smooth top surface, and the front part consists of protruding geometric forms, creating a distinctive appearance.",11493a99-59cd-4dd2-b4e7-aa411053035b
72,"Car with a smooth, flat top and a compact, solid structure.",512a78b0-e4e1-45eb-a2ad-84107bf9c1ee
117,"A rectangular car featuring a flat top and short, squared ends.",512a78b0-e4e1-45eb-a2ad-84107bf9c1ee
168,Rectangular car with a flat roof and compact form with squared front and back ends.,512a78b0-e4e1-45eb-a2ad-84107bf9c1ee
589,"Car with a smooth, elongated top surface, compact form, short squared ends, and uniform height.",512a78b0-e4e1-45eb-a2ad-84107bf9c1ee
377,"A rectangular car with a flat top surface and compact form. The front and back ends are short and squared, maintaining a consistent height throughout. The sides are straight, creating a streamlined appearance.",512a78b0-e4e1-45eb-a2ad-84107bf9c1ee
622,"Car with a smooth, flat top and a compact, solid structure.",9c510188-f6af-4147-a2f3-f3104f38345b
22,"A rectangular car featuring a flat top and short, squared ends.",9c510188-f6af-4147-a2f3-f3104f38345b
436,Rectangular car with a flat roof and compact form with squared front and back ends.,9c510188-f6af-4147-a2f3-f3104f38345b
263,"Car with a smooth, elongated top surface, compact form, short squared ends, and uniform height.",9c510188-f6af-4147-a2f3-f3104f38345b
172,"A rectangular car with a flat top surface and compact form. The front and back ends are short and squared, maintaining a consistent height throughout. The sides are straight, creating a streamlined appearance.",9c510188-f6af-4147-a2f3-f3104f38345b
616,"Car with a compact, geometric form and angular surfaces.",9717aee4-4122-4c45-a6e1-8ec4090fbdee
1,Compact automobile featuring angular contours and a geometric profile with elevated segments.,9717aee4-4122-4c45-a6e1-8ec4090fbdee
83,"Car with a flat top, angular front, recessed sides, and a slightly elevated hood.",9717aee4-4122-4c45-a6e1-8ec4090fbdee
82,"Automobile shaped with sharp angles, a flat roof, recessed windows, and a distinctly elevated rectangular hood at the front.",9717aee4-4122-4c45-a6e1-8ec4090fbdee
122,"A compact vehicle featuring a flat, rectangular roof, angular front with tiered layers, recessed side sections, and a boxy elevated hood. The rear has a squared finish, while the sides are defined by distinct stepped patterns.",9717aee4-4122-4c45-a6e1-8ec4090fbdee
382,"Car with a compact, geometric form and angular surfaces.",d6aec9c1-4abd-4b5d-92d9-9a87771676fc
164,Compact automobile featuring angular contours and a geometric profile with elevated segments.,d6aec9c1-4abd-4b5d-92d9-9a87771676fc
377,"Car with a flat top, angular front, recessed sides, and a slightly elevated hood.",d6aec9c1-4abd-4b5d-92d9-9a87771676fc
113,"Automobile shaped with sharp angles, a flat roof, recessed windows, and a distinctly elevated rectangular hood at the front.",d6aec9c1-4abd-4b5d-92d9-9a87771676fc
37,"A compact vehicle featuring a flat, rectangular roof, angular front with tiered layers, recessed side sections, and a boxy elevated hood. The rear has a squared finish, while the sides are defined by distinct stepped patterns.",d6aec9c1-4abd-4b5d-92d9-9a87771676fc
192,Compact car with distinct rectangular blocks and layered structure.,1f01953e-3002-49cc-b3f7-be1368cac3fc
39,Compact vehicle featuring a tiered rectangular form and blocky contours.,1f01953e-3002-49cc-b3f7-be1368cac3fc
104,"A block-shaped car with a squared-off roof, outlined sides, and a defined hood.",1f01953e-3002-49cc-b3f7-be1368cac3fc
113,"Squared vehicle with a defined hood, layered roof, and tiered body. The squared-off roof aligns with contoured sides connected to a solid base.",1f01953e-3002-49cc-b3f7-be1368cac3fc
43,"A vehicle constructed with a boxy hood, layered roof, and protruding elements on the rear. The roof runs parallel to the ground, connecting to squared sides and a streamlined front.",1f01953e-3002-49cc-b3f7-be1368cac3fc
437,Compact car with distinct rectangular blocks and layered structure.,4f98eb30-459d-4221-b995-8b63c9a3d003
1,Compact vehicle featuring a tiered rectangular form and blocky contours.,4f98eb30-459d-4221-b995-8b63c9a3d003
23,"A block-shaped car with a squared-off roof, outlined sides, and a defined hood.",4f98eb30-459d-4221-b995-8b63c9a3d003
343,"Squared vehicle with a defined hood, layered roof, and tiered body. The squared-off roof aligns with contoured sides connected to a solid base.",4f98eb30-459d-4221-b995-8b63c9a3d003
323,"A vehicle constructed with a boxy hood, layered roof, and protruding elements on the rear. The roof runs parallel to the ground, connecting to squared sides and a streamlined front.",4f98eb30-459d-4221-b995-8b63c9a3d003
3,Compact car with angular roof and blocky structure.,1b00bc94-c6c7-43ed-996d-f8af0d285655
18,Angular compact car with layered roof and squared sides.,1b00bc94-c6c7-43ed-996d-f8af0d285655
32,Boxy car featuring a stepped roof and squared rear.,1b00bc94-c6c7-43ed-996d-f8af0d285655
236,"A car with a tiered roof and block-like geometric layout. The roof cascades downward, meeting sharply angled side structures.",1b00bc94-c6c7-43ed-996d-f8af0d285655
77,"A compact car with a layered roof, forming distinct steps. The front exhibits a boxy contour, while the rear end is squared. The top transitions into angular side panels, creating a cohesive geometric form.",1b00bc94-c6c7-43ed-996d-f8af0d285655
